Group,Accession,Title,Source_name_1,Source_name_2,Reference_Ch1,Slidename_Ch2,Sample_Ch2,Study_Ch2,Intrinsic_subtypes_by_pam50_Ch2,P53_status_by_amplichip_Ch2,P53_measured_by_ihc_Ch2,Grade_Ch2,Response_Ch2,Neoadjuvant_chemotherapy_Ch2,Tissue_Ch2,tumor_size_cm,er,pgr,her2,RCB_category,resp.pCR,treatment_plan,Docetaxel_Cape,Docetaxel_Cape_Tras,Docetaxel_Cape,Docetaxel_Cape_Tras,REC_TP,CURRENT_TP,FOLLOW_REC
-,GSM508520,M228989,Human Reference B,M228989,Stratagene Human Universal Reference that contained 1/10 added MCF7 and ME16C RNAs,H1AUNC44K-H1-0378,M228989,Xena,LumA,WILDTYPE,NEGATIVE,2,PARTIAL RESPONSE,docetaxel-Capecitabine,,3.5,1,1,0,2,0,Docetaxel_Cape,1,0,2.0955773342728787,2.0919459015679127,Docetaxel_Cape_Tras,Docetaxel_Cape,False
-,GSM508525,L432759,Human Reference B,L432759,Stratagene Human Universal Reference that contained 1/10 added MCF7 and ME16C RNAs,H1AUNC44K-H1-0124,L432759,Xena,LumB,---,POSITIVE,---,PARTIAL RESPONSE,(docetaxel-Capecitabine)+ Trastuzumab,,3.0,1,1,1,2,0,Docetaxel_Cape_Tras,0,1,1.8987129715672826,1.9092289321146076,Docetaxel_Cape,Docetaxel_Cape_Tras,False
-,GSM508526,I825006,Human Reference B,I825006,Stratagene Human Universal Reference that contained 1/10 added MCF7 and ME16C RNAs,H1AUNC44K-H1-0116,I825006,Xena,LumB,WILDTYPE,POSITIVE,2,PARTIAL RESPONSE,docetaxel-Capecitabine,,6.0,1,1,0,2,0,Docetaxel_Cape,1,0,1.9966251186841477,2.0043699167058113,Docetaxel_Cape,Docetaxel_Cape,True
-,GSM508549,I633488,Human Reference B,I633488,Stratagene Human Universal Reference that contained 1/10 added MCF7 and ME16C RNAs,H1AUNC44K-H1-0098,I633488,Xena,Basal,MUTANT,POSITIVE,2,COMPLETE RESPONSE,docetaxel-Capecitabine,,3.0,0,0,0,0,1,Docetaxel_Cape,1,0,0.18001136598909584,0.15281364713838297,Docetaxel_Cape_Tras,Docetaxel_Cape,False
-,GSM508553,M255438,Human Reference B,M255438,Stratagene Human Universal Reference that contained 1/10 added MCF7 and ME16C RNAs,H1AUNC44K-H1-0172,M255438,Xena,LumA,WILDTYPE,POSITIVE,2,PARTIAL RESPONSE,docetaxel-Capecitabine,,3.0,1,1,0,2,0,Docetaxel_Cape,1,0,2.062022218776228,2.0487234805862347,Docetaxel_Cape_Tras,Docetaxel_Cape,False
-,GSM508554,J762326,Human Reference B,J762326,Stratagene Human Universal Reference that contained 1/10 added MCF7 and ME16C RNAs,H1AUNC44K-H1-0150,J762326,Xena,Basal,MUTANT,NEGATIVE,3,PARTIAL RESPONSE,docetaxel-Capecitabine,,2.0,0,0,0,2,0,Docetaxel_Cape,1,0,1.9002222311117918,1.8534945022439762,Docetaxel_Cape_Tras,Docetaxel_Cape,False
-,GSM508559,I383209,Human Reference B,I383209,Stratagene Human Universal Reference that contained 1/10 added MCF7 and ME16C RNAs,H1AUNC44K-H1-0036,I383209,Xena,LumA,WILDTYPE,POSITIVE,1,COMPLETE RESPONSE,docetaxel-Capecitabine,,3.0,1,0,0,0,1,Docetaxel_Cape,1,0,0.3865156179402227,0.3475272820961388,Docetaxel_Cape_Tras,Docetaxel_Cape,False
-,GSM508563,H629719,Human Reference B,H629719,Stratagene Human Universal Reference that contained 1/10 added MCF7 and ME16C RNAs,H1AUNC44K-H1-0008,H629719,Xena,Basal,MUTANT,UNDETERMINED,3,PARTIAL RESPONSE,(docetaxel-Capecitabine)+ Trastuzumab,,2.5,0,0,1,2,0,Docetaxel_Cape_Tras,0,1,1.8387694306897018,1.8119525545030453,Docetaxel_Cape_Tras,Docetaxel_Cape_Tras,True
-,GSM508564,H672906,Human Reference B,H672906,Stratagene Human Universal Reference that contained 1/10 added MCF7 and ME16C RNAs,H1AUNC44K-H1-0058,H672906,Xena,Her2,MUTANT,POSITIVE,3,NEAR COMPLETE RESPONSE,(docetaxel-Capecitabine)+ Trastuzumab,,6.5,1,1,1,1,0,Docetaxel_Cape_Tras,0,1,1.6496070281005264,1.6806590822196887,Docetaxel_Cape,Docetaxel_Cape_Tras,False
-,GSM508568,L027366,Human Reference B,L027366,Stratagene Human Universal Reference that contained 1/10 added MCF7 and ME16C RNAs,H1AUNC44K-H1-0377,L027366,Xena,LumA,MUTANT,UNDETERMINED,2,PARTIAL RESPONSE,docetaxel-Capecitabine,,5.0,1,0,0,2,0,Docetaxel_Cape,1,0,2.215096447013472,2.1789728591894453,Docetaxel_Cape_Tras,Docetaxel_Cape,False
-,GSM508573,H957387,Human Reference B,H957387,Stratagene Human Universal Reference that contained 1/10 added MCF7 and ME16C RNAs,H1AUNC44K-H1-0015,H957387,Xena,LumA,WILDTYPE,NEGATIVE,3,PARTIAL RESPONSE,docetaxel-Capecitabine,,8.0,1,1,0,2,0,Docetaxel_Cape,1,0,2.0853271487501153,2.1214907872843733,Docetaxel_Cape,Docetaxel_Cape,True
-,GSM508575,I962247,Human Reference B,I962247,Stratagene Human Universal Reference that contained 1/10 added MCF7 and ME16C RNAs,H1AUNC44K-H1-0066,I962247,Xena,LumA,---,POSITIVE,1,PARTIAL RESPONSE,docetaxel-Capecitabine,,7.0,1,0,0,2,0,Docetaxel_Cape,1,0,2.2718846491322484,2.2224521940784827,Docetaxel_Cape_Tras,Docetaxel_Cape,False
-,GSM508580,H021108,Human Reference B,H021108,Stratagene Human Universal Reference that contained 1/10 added MCF7 and ME16C RNAs,H1AUNC44K-H1-0006,H021108,Xena,Basal,MUTANT,NEGATIVE,3,PARTIAL RESPONSE,docetaxel-Capecitabine,,5.0,0,0,0,2,0,Docetaxel_Cape,1,0,1.9235222705930393,1.8966505591816678,Docetaxel_Cape_Tras,Docetaxel_Cape,False
-,GSM508583,H629718,Human Reference B,H629718,Stratagene Human Universal Reference that contained 1/10 added MCF7 and ME16C RNAs,H1AUNC44K-H1-0053,H629718,Xena,Her2,WILDTYPE,NEGATIVE,3,PARTIAL RESPONSE,docetaxel-Capecitabine,,3.0,1,0,0,2,0,Docetaxel_Cape,1,0,1.7145043598520557,1.67736580655176,Docetaxel_Cape_Tras,Docetaxel_Cape,False
-,GSM508630,N399197,Human Reference B,N399197,Stratagene Human Universal Reference that contained 1/10 added MCF7 and ME16C RNAs,H1AUNC44K-H1-0352,N399197,Xena,Her2,MUTANT,POSITIVE,2,COMPLETE RESPONSE,(docetaxel-Capecitabine)+ Trastuzumab,,5.0,0,0,1,0,1,Docetaxel_Cape_Tras,0,1,-0.07685746942213578,-0.07819925859532795,Docetaxel_Cape_Tras,Docetaxel_Cape_Tras,True
-,GSM508634,I962249,Human Reference B,I962249,Stratagene Human Universal Reference that contained 1/10 added MCF7 and ME16C RNAs,H1AUNC44K-H1-0039,I962249,Xena,LumA,MUTANT,NEGATIVE,2,COMPLETE RESPONSE,docetaxel-Capecitabine,,3.5,1,0,0,0,1,Docetaxel_Cape,1,0,0.43026863757843525,0.40713942361236555,Docetaxel_Cape_Tras,Docetaxel_Cape,False
-,GSM508636,H672898,Human Reference B,H672898,Stratagene Human Universal Reference that contained 1/10 added MCF7 and ME16C RNAs,H1AUNC44K-H1-0014,H672898,Xena,LumA,MUTANT,POSITIVE,3,COMPLETE RESPONSE,(docetaxel-Capecitabine)+ Trastuzumab,,5.0,1,0,1,0,1,Docetaxel_Cape_Tras,0,1,0.27203872107257365,0.27273413884312925,Docetaxel_Cape,Docetaxel_Cape_Tras,False
-,GSM508668,I258319,Human Reference B,I258319,Stratagene Human Universal Reference that contained 1/10 added MCF7 and ME16C RNAs,H1AUNC44K-H1-0324,I258319,Xena,LumB,WILDTYPE,NEGATIVE,2,NEAR COMPLETE RESPONSE,docetaxel-Capecitabine,,4.5,1,0,0,1,0,Docetaxel_Cape,1,0,2.037446043057297,1.996661897165027,Docetaxel_Cape_Tras,Docetaxel_Cape,False
-,GSM508669,N820416,Human Reference B,N820416,Stratagene Human Universal Reference that contained 1/10 added MCF7 and ME16C RNAs,H1AUNC44K-H1-0161,N820416,Xena,Basal,MUTANT,NEGATIVE,2,NEAR COMPLETE RESPONSE,docetaxel-Capecitabine,,4.5,0,0,0,1,0,Docetaxel_Cape,1,0,1.9648391754241326,1.9246470827154627,Docetaxel_Cape_Tras,Docetaxel_Cape,False
-,GSM508672,H957549,Human Reference B,H957549,Stratagene Human Universal Reference that contained 1/10 added MCF7 and ME16C RNAs,H1AUNC44K-H1-0054,H957549,Xena,Basal,MUTANT,POSITIVE,2,NEAR COMPLETE RESPONSE,docetaxel-Capecitabine,,3.0,0,0,0,1,0,Docetaxel_Cape,1,0,1.923517380100399,1.8670393094212205,Docetaxel_Cape_Tras,Docetaxel_Cape,False
-,GSM508674,O219017 weak,Human Reference B,O219017 weak,Stratagene Human Universal Reference that contained 1/10 added MCF7 and ME16C RNAs,H1AUNC44K-H1-0512,O219017 weak,Xena,LumB,WILDTYPE,POSITIVE,2,NO RESPONSE,docetaxel-Capecitabine,,7.0,1,1,0,3,0,Docetaxel_Cape,1,0,2.00439179851123,2.018755269018375,Docetaxel_Cape,Docetaxel_Cape,True
-,GSM508756,N843158,Human Reference B,N843158,Stratagene Human Universal Reference that contained 1/10 added MCF7 and ME16C RNAs,H1AUNC44K-H1-0329,N843158,Xena,LumB,WILDTYPE,POSITIVE,3,PARTIAL RESPONSE,docetaxel-Capecitabine,,9.0,1,1,0,2,0,Docetaxel_Cape,1,0,1.9747249134207605,2.0123367739534266,Docetaxel_Cape,Docetaxel_Cape,True
-,GSM508759,H349186,Human Reference B,H349186,Stratagene Human Universal Reference that contained 1/10 added MCF7 and ME16C RNAs,H1AUNC44K-H1-0186,H349186,Xena,LumA,WILDTYPE,NEGATIVE,2,PARTIAL RESPONSE,docetaxel-Capecitabine,,2.5,1,1,0,2,0,Docetaxel_Cape,1,0,2.0878106544457964,2.077560549255349,Docetaxel_Cape_Tras,Docetaxel_Cape,False
-,GSM508769,I831437,Human Reference B,I831437,Stratagene Human Universal Reference that contained 1/10 added MCF7 and ME16C RNAs,H1AUNC44K-H1-0021,I831437,Xena,LumB,MUTANT,POSITIVE,3,PARTIAL RESPONSE,(docetaxel-Capecitabine)+ Trastuzumab,,6.0,1,1,1,2,0,Docetaxel_Cape_Tras,0,1,1.9118151069069682,1.9359952685177508,Docetaxel_Cape,Docetaxel_Cape_Tras,False
-,GSM508771,G963156,Human Reference B,G963156,Stratagene Human Universal Reference that contained 1/10 added MCF7 and ME16C RNAs,H1AUNC44K-H1-0003,G963156,Xena,Normal,MUTANT,POSITIVE,3,PARTIAL RESPONSE,docetaxel-Capecitabine,,6.0,1,0,0,2,0,Docetaxel_Cape,1,0,1.8522279122097174,1.8235806597067956,Docetaxel_Cape_Tras,Docetaxel_Cape,False
-,GSM508517,K282369,Human Reference B,K282369,Stratagene Human Universal Reference that contained 1/10 added MCF7 and ME16C RNAs,H1AUNC44K-H1-0174,K282369,Xena,LumB,WILDTYPE,NEGATIVE,2,PARTIAL RESPONSE,docetaxel-Capecitabine,,5.1,1,1,0,2,0,Docetaxel_Cape,1,0,1.9841342031534355,1.9635699969440978,Docetaxel_Cape_Tras,Docetaxel_Cape,False
-,GSM508521,M228995,Human Reference B,M228995,Stratagene Human Universal Reference that contained 1/10 added MCF7 and ME16C RNAs,H1AUNC44K-H1-0373,M228995,Xena,LumA,WILDTYPE,POSITIVE,2,PARTIAL RESPONSE,docetaxel-Capecitabine,,4.8,1,1,0,2,0,Docetaxel_Cape,1,0,2.0247053776199846,2.0148430048353476,Docetaxel_Cape_Tras,Docetaxel_Cape,False
-,GSM508556,K440086,Human Reference B,K440086,Stratagene Human Universal Reference that contained 1/10 added MCF7 and ME16C RNAs,H1AUNC44K-H1-0114,K440086,Xena,Normal,MUTANT,POSITIVE,3,PARTIAL RESPONSE,docetaxel-Capecitabine,,5.0,0,0,0,2,0,Docetaxel_Cape,1,0,1.7997095113541584,1.763453601639845,Docetaxel_Cape_Tras,Docetaxel_Cape,False
-,GSM508562,H021105,Human Reference B,H021105,Stratagene Human Universal Reference that contained 1/10 added MCF7 and ME16C RNAs,H1AUNC44K-H1-0016,H021105,Xena,LumB,WILDTYPE,POSITIVE,2,PARTIAL RESPONSE,docetaxel-Capecitabine,,6.5,1,0,0,2,0,Docetaxel_Cape,1,0,1.8640009391633812,1.8463687049796311,Docetaxel_Cape_Tras,Docetaxel_Cape,False
-,GSM508567,J547636,Human Reference B,J547636,Stratagene Human Universal Reference that contained 1/10 added MCF7 and ME16C RNAs,H1AUNC44K-H1-0029,J547636,Xena,LumA,WILDTYPE,NEGATIVE,1,NO RESPONSE,docetaxel-Capecitabine,,4.0,1,0,0,3,0,Docetaxel_Cape,1,0,1.8966063042080876,1.889374182117702,Docetaxel_Cape_Tras,Docetaxel_Cape,False
-,GSM508571,I962246,Human Reference B,I962246,Stratagene Human Universal Reference that contained 1/10 added MCF7 and ME16C RNAs,H1AUNC44K-H1-0120,I962246,Xena,Normal,WILDTYPE,POSITIVE,2,PARTIAL RESPONSE,docetaxel-Capecitabine,,2.7,1,1,0,2,0,Docetaxel_Cape,1,0,1.7381139463202238,1.7008006233940898,Docetaxel_Cape_Tras,Docetaxel_Cape,False
-,GSM508579,K282377,Human Reference B,K282377,Stratagene Human Universal Reference that contained 1/10 added MCF7 and ME16C RNAs,H1AUNC44K-H1-0141,K282377,Xena,LumB,MUTANT,POSITIVE,3,PARTIAL RESPONSE,docetaxel-Capecitabine,,10.0,1,1,0,2,0,Docetaxel_Cape,1,0,2.1138697223702128,2.097377424959652,Docetaxel_Cape_Tras,Docetaxel_Cape,False
-,GSM508582,I612036,Human Reference B,I612036,Stratagene Human Universal Reference that contained 1/10 added MCF7 and ME16C RNAs,H1AUNC44K-H1-0060,I612036,Xena,Basal,MUTANT,POSITIVE,3,NEAR COMPLETE RESPONSE,docetaxel-Capecitabine,,8.0,0,0,0,1,0,Docetaxel_Cape,1,0,1.9568048590799643,1.9288619771885869,Docetaxel_Cape_Tras,Docetaxel_Cape,False
-,GSM508585,N178817,Human Reference B,N178817,Stratagene Human Universal Reference that contained 1/10 added MCF7 and ME16C RNAs,H1AUNC44K-H1-0508,N178817,Xena,Her2,MUTANT,POSITIVE,---,COMPLETE RESPONSE,docetaxel-Capecitabine,,14.0,0,0,0,0,1,Docetaxel_Cape,1,0,0.21977752814005558,0.1985382236855775,Docetaxel_Cape_Tras,Docetaxel_Cape,False
-,GSM508586,N995039,Human Reference B,N995039,Stratagene Human Universal Reference that contained 1/10 added MCF7 and ME16C RNAs,H1AUNC44K-H1-0507,N995039,Xena,Her2,MUTANT,POSITIVE,3,COMPLETE RESPONSE,(docetaxel-Capecitabine)+ Trastuzumab,,5.0,0,0,1,0,1,Docetaxel_Cape_Tras,0,1,-0.13860711352171506,-0.1559004091179652,Docetaxel_Cape_Tras,Docetaxel_Cape_Tras,True
-,GSM508587,M256097,Human Reference B,M256097,Stratagene Human Universal Reference that contained 1/10 added MCF7 and ME16C RNAs,H1AUNC44K-H1-0497,M256097,Xena,Basal,WILDTYPE,NEGATIVE,3,COMPLETE RESPONSE,docetaxel-Capecitabine,,4.5,0,0,0,0,1,Docetaxel_Cape,1,0,0.12049895279472134,0.11567260485842668,Docetaxel_Cape_Tras,Docetaxel_Cape,False
-,GSM508589,M692279,Human Reference B,M692279,Stratagene Human Universal Reference that contained 1/10 added MCF7 and ME16C RNAs,H1AUNC44K-H1-0374,M692279,Xena,Her2,MUTANT,POSITIVE,---,COMPLETE RESPONSE,(docetaxel-Capecitabine)+ Trastuzumab,,5.0,0,0,1,0,1,Docetaxel_Cape_Tras,0,1,-0.13314550606300823,-0.15171115142715208,Docetaxel_Cape_Tras,Docetaxel_Cape_Tras,True
-,GSM508591,N852649,Human Reference B,N852649,Stratagene Human Universal Reference that contained 1/10 added MCF7 and ME16C RNAs,H1AUNC44K-H1-0367,N852649,Xena,Her2,MUTANT,POSITIVE,3,COMPLETE RESPONSE,(docetaxel-Capecitabine)+ Trastuzumab,,6.3,1,0,1,0,1,Docetaxel_Cape_Tras,0,1,-0.20648829281942893,-0.21922717257825708,Docetaxel_Cape_Tras,Docetaxel_Cape_Tras,True
-,GSM508592,O219015,Human Reference B,O219015,Stratagene Human Universal Reference that contained 1/10 added MCF7 and ME16C RNAs,H1AUNC44K-H1-0356,O219015,Xena,Basal,MUTANT,POSITIVE,3,COMPLETE RESPONSE,docetaxel-Capecitabine,,5.0,0,0,0,0,1,Docetaxel_Cape,1,0,0.1269965903119672,0.12911627099449308,Docetaxel_Cape,Docetaxel_Cape,True
-,GSM508654,L831386,Human Reference B,L831386,Stratagene Human Universal Reference that contained 1/10 added MCF7 and ME16C RNAs,H1AUNC44K-H1-0439,L831386,Xena,LumA,MUTANT,POSITIVE,3,NO RESPONSE,docetaxel-Capecitabine,,7.0,1,0,0,3,0,Docetaxel_Cape,1,0,1.9809454942795792,1.9772046046516873,Docetaxel_Cape_Tras,Docetaxel_Cape,False
-,GSM508676,L831387,Human Reference B,L831387,Stratagene Human Universal Reference that contained 1/10 added MCF7 and ME16C RNAs,H1AUNC44K-H1-0435,L831387,Xena,LumA,WILDTYPE,NEGATIVE,2,NO RESPONSE,docetaxel-Capecitabine,,5.5,1,1,0,3,0,Docetaxel_Cape,1,0,2.071634479736936,2.0603298018358953,Docetaxel_Cape_Tras,Docetaxel_Cape,False
-,GSM508748,N844748,Human Reference B,N844748,Stratagene Human Universal Reference that contained 1/10 added MCF7 and ME16C RNAs,H1AUNC44K-H1-0368,N844748,Xena,LumA,MUTANT,POSITIVE,3,PARTIAL RESPONSE,docetaxel-Capecitabine,,6.0,0,0,0,2,0,Docetaxel_Cape,1,0,2.056856874093713,2.048452357033934,Docetaxel_Cape_Tras,Docetaxel_Cape,False
-,GSM508749,P332305,Human Reference B,P332305,Stratagene Human Universal Reference that contained 1/10 added MCF7 and ME16C RNAs,H1AUNC44K-H1-0366,P332305,Xena,LumB,WILDTYPE,POSITIVE,2,PARTIAL RESPONSE,(docetaxel-Capecitabine)+ Trastuzumab,,5.0,1,1,1,2,0,Docetaxel_Cape_Tras,0,1,1.841248483358856,1.8213054703333837,Docetaxel_Cape_Tras,Docetaxel_Cape_Tras,True
-,GSM508754,N843157,Human Reference B,N843157,Stratagene Human Universal Reference that contained 1/10 added MCF7 and ME16C RNAs,H1AUNC44K-H1-0351,N843157,Xena,Basal,WILDTYPE,NEGATIVE,1,PARTIAL RESPONSE,docetaxel-Capecitabine,,3.5,1,1,0,2,0,Docetaxel_Cape,1,0,1.8590515170455488,1.8309369786736667,Docetaxel_Cape_Tras,Docetaxel_Cape,False
-,GSM508755,I258318,Human Reference B,I258318,Stratagene Human Universal Reference that contained 1/10 added MCF7 and ME16C RNAs,H1AUNC44K-H1-0332,I258318,Xena,Basal,MUTANT,NEGATIVE,3,PARTIAL RESPONSE,docetaxel-Capecitabine,,7.0,0,0,0,2,0,Docetaxel_Cape,1,0,1.9582294916038698,1.9294631702980556,Docetaxel_Cape_Tras,Docetaxel_Cape,False
-,GSM508758,K826616,Human Reference B,K826616,Stratagene Human Universal Reference that contained 1/10 added MCF7 and ME16C RNAs,H1AUNC44K-H1-0189,K826616,Xena,Basal,MUTANT,UNDETERMINED,3,PARTIAL RESPONSE,docetaxel-Capecitabine,,5.0,0,0,0,2,0,Docetaxel_Cape,1,0,1.9328867890730423,1.9036610670010075,Docetaxel_Cape_Tras,Docetaxel_Cape,False
-,GSM508760,K282378,Human Reference B,K282378,Stratagene Human Universal Reference that contained 1/10 added MCF7 and ME16C RNAs,H1AUNC44K-H1-0171,K282378,Xena,Basal,MUTANT,NEGATIVE,3,PARTIAL RESPONSE,docetaxel-Capecitabine,,5.0,0,0,0,2,0,Docetaxel_Cape,1,0,1.9046948214944042,1.8766565774850217,Docetaxel_Cape_Tras,Docetaxel_Cape,False
-,GSM508765,I130529,Human Reference B,I130529,Stratagene Human Universal Reference that contained 1/10 added MCF7 and ME16C RNAs,H1AUNC44K-H1-0112,I130529,Xena,LumA,MUTANT,UNDETERMINED,2,PARTIAL RESPONSE,docetaxel-Capecitabine,,2.2,0,0,0,2,0,Docetaxel_Cape,1,0,2.006063328584298,1.9979395520303282,Docetaxel_Cape_Tras,Docetaxel_Cape,False
-,GSM508766,I130528,Human Reference B,I130528,Stratagene Human Universal Reference that contained 1/10 added MCF7 and ME16C RNAs,H1AUNC44K-H1-0069,I130528,Xena,LumA,WILDTYPE,POSITIVE,2,PARTIAL RESPONSE,(docetaxel-Capecitabine)+ Trastuzumab,,4.0,0,0,1,2,0,Docetaxel_Cape_Tras,0,1,1.864537640246555,1.8515902916272169,Docetaxel_Cape_Tras,Docetaxel_Cape_Tras,True
-,GSM508767,I695766,Human Reference B,I695766,Stratagene Human Universal Reference that contained 1/10 added MCF7 and ME16C RNAs,H1AUNC44K-H1-0064,I695766,Xena,Normal,MUTANT,NEGATIVE,---,PARTIAL RESPONSE,(docetaxel-Capecitabine)+ Trastuzumab,,6.0,1,1,1,2,0,Docetaxel_Cape_Tras,0,1,1.7748502533549442,1.737941306427925,Docetaxel_Cape_Tras,Docetaxel_Cape_Tras,True
-,GSM508522,J560835,Human Reference B,J560835,Stratagene Human Universal Reference that contained 1/10 added MCF7 and ME16C RNAs,H1AUNC44K-H1-0372,J560835,Xena,Normal,WILDTYPE,NEGATIVE,3,PARTIAL RESPONSE,docetaxel-Capecitabine,,6.0,0,1,0,2,0,Docetaxel_Cape,1,0,1.9115957214613999,1.8561438287100258,Docetaxel_Cape_Tras,Docetaxel_Cape,False
-,GSM508524,J560837,Human Reference B,J560837,Stratagene Human Universal Reference that contained 1/10 added MCF7 and ME16C RNAs,H1AUNC44K-H1-0127,J560837,Xena,LumB,MUTANT,UNDETERMINED,---,PARTIAL RESPONSE,docetaxel-Capecitabine,,3.5,1,1,0,2,0,Docetaxel_Cape,1,0,2.0632099373722705,2.0537130325270483,Docetaxel_Cape_Tras,Docetaxel_Cape,False
-,GSM508527,J460619,Human Reference B,J460619,Stratagene Human Universal Reference that contained 1/10 added MCF7 and ME16C RNAs,H1AUNC44K-H1-0113,J460619,Xena,Normal,MUTANT,POSITIVE,---,PARTIAL RESPONSE,docetaxel-Capecitabine,,6.0,0,0,0,2,0,Docetaxel_Cape,1,0,1.8160935942946226,1.7505776239882562,Docetaxel_Cape_Tras,Docetaxel_Cape,False
-,GSM508545,H957385,Human Reference B,H957385,Stratagene Human Universal Reference that contained 1/10 added MCF7 and ME16C RNAs,H1AUNC44K-H1-0037,H957385,Xena,Basal,MUTANT,POSITIVE,3,PARTIAL RESPONSE,(docetaxel-Capecitabine)+ Trastuzumab,,12.0,0,0,1,2,0,Docetaxel_Cape_Tras,0,1,1.93166262585541,1.8747069470859452,Docetaxel_Cape_Tras,Docetaxel_Cape_Tras,True
-,GSM508546,H349179,Human Reference B,H349179,Stratagene Human Universal Reference that contained 1/10 added MCF7 and ME16C RNAs,H1AUNC44K-H1-0031,H349179,Xena,Normal,WILDTYPE,NEGATIVE,2,PARTIAL RESPONSE,docetaxel-Capecitabine,,3.7,1,1,0,2,0,Docetaxel_Cape,1,0,1.8377085626363092,1.7906660447882632,Docetaxel_Cape_Tras,Docetaxel_Cape,False
-,GSM508548,H516398,Human Reference B,H516398,Stratagene Human Universal Reference that contained 1/10 added MCF7 and ME16C RNAs,H1AUNC44K-H1-0007,H516398,Xena,LumB,WILDTYPE,POSITIVE,2,PARTIAL RESPONSE,docetaxel-Capecitabine,,14.5,1,0,0,2,0,Docetaxel_Cape,1,0,2.09325251486861,2.0489929570112597,Docetaxel_Cape_Tras,Docetaxel_Cape,False
-,GSM508557,K205578,Human Reference B,K205578,Stratagene Human Universal Reference that contained 1/10 added MCF7 and ME16C RNAs,H1AUNC44K-H1-0099,K205578,Xena,LumB,WILDTYPE,UNDETERMINED,3,PARTIAL RESPONSE,docetaxel-Capecitabine,,4.0,1,0,0,2,0,Docetaxel_Cape,1,0,2.0071640249789473,1.985803993460105,Docetaxel_Cape_Tras,Docetaxel_Cape,False
-,GSM508566,G719755,Human Reference B,G719755,Stratagene Human Universal Reference that contained 1/10 added MCF7 and ME16C RNAs,H1AUNC44K-H1-0001,G719755,Xena,Her2,MUTANT,NEGATIVE,3,PARTIAL RESPONSE,(docetaxel-Capecitabine)+ Trastuzumab,,9.5,0,0,1,2,0,Docetaxel_Cape_Tras,0,1,1.760911138246793,1.6780748788941688,Docetaxel_Cape_Tras,Docetaxel_Cape_Tras,True
-,GSM508569,H957556,Human Reference B,H957556,Stratagene Human Universal Reference that contained 1/10 added MCF7 and ME16C RNAs,H1AUNC44K-H1-0061,H957556,Xena,Normal,MUTANT,NEGATIVE,1,PARTIAL RESPONSE,docetaxel-Capecitabine,,3.5,0,0,0,2,0,Docetaxel_Cape,1,0,1.7590613808980404,1.6903053550464464,Docetaxel_Cape_Tras,Docetaxel_Cape,False
-,GSM508570,I491937,Human Reference B,I491937,Stratagene Human Universal Reference that contained 1/10 added MCF7 and ME16C RNAs,H1AUNC44K-H1-0032,I491937,Xena,LumA,WILDTYPE,NEGATIVE,1,PARTIAL RESPONSE,docetaxel-Capecitabine,,6.5,1,1,0,2,0,Docetaxel_Cape,1,0,2.11924829843327,2.111953128226658,Docetaxel_Cape_Tras,Docetaxel_Cape,False
-,GSM508576,I130568,Human Reference B,I130568,Stratagene Human Universal Reference that contained 1/10 added MCF7 and ME16C RNAs,H1AUNC44K-H1-0025,I130568,Xena,LumB,WILDTYPE,NEGATIVE,3,PARTIAL RESPONSE,(docetaxel-Capecitabine)+ Trastuzumab,,3.5,1,1,1,2,0,Docetaxel_Cape_Tras,0,1,1.9638447757379824,1.9569070887275495,Docetaxel_Cape_Tras,Docetaxel_Cape_Tras,True
-,GSM508584,I130598,Human Reference B,I130598,Stratagene Human Universal Reference that contained 1/10 added MCF7 and ME16C RNAs,H1AUNC44K-H1-0034,I130598,Xena,Basal,MUTANT,POSITIVE,3,PARTIAL RESPONSE,docetaxel-Capecitabine,,5.4,0,1,0,2,0,Docetaxel_Cape,1,0,1.9315621958334739,1.8895801676470043,Docetaxel_Cape_Tras,Docetaxel_Cape,False
-,GSM508588,L525227,Human Reference B,L525227,Stratagene Human Universal Reference that contained 1/10 added MCF7 and ME16C RNAs,H1AUNC44K-H1-0431,L525227,Xena,Normal,MUTANT,POSITIVE,3,COMPLETE RESPONSE,(docetaxel-Capecitabine)+ Trastuzumab,,9.0,0,0,1,0,1,Docetaxel_Cape_Tras,0,1,0.014776213974612373,0.01141177823716144,Docetaxel_Cape_Tras,Docetaxel_Cape_Tras,True
-,GSM508670,K280817,Human Reference B,K280817,Stratagene Human Universal Reference that contained 1/10 added MCF7 and ME16C RNAs,H1AUNC44K-H1-0142,K280817,Xena,Her2,WILDTYPE,UNDETERMINED,---,NEAR COMPLETE RESPONSE,(docetaxel-Capecitabine)+ Trastuzumab,,8.0,0,0,1,1,0,Docetaxel_Cape_Tras,0,1,1.8054244273979894,1.7311490052536174,Docetaxel_Cape_Tras,Docetaxel_Cape_Tras,True
-,GSM508671,K900446,Human Reference B,K900446,Stratagene Human Universal Reference that contained 1/10 added MCF7 and ME16C RNAs,H1AUNC44K-H1-0111,K900446,Xena,Her2,MUTANT,POSITIVE,3,NEAR COMPLETE RESPONSE,docetaxel-Capecitabine,,4.0,0,0,0,1,0,Docetaxel_Cape,1,0,1.6799762254179562,1.5990067353893838,Docetaxel_Cape_Tras,Docetaxel_Cape,False
-,GSM508678,L799207 weak,Human Reference B,L799207 weak,Stratagene Human Universal Reference that contained 1/10 added MCF7 and ME16C RNAs,H1AUNC44K-H1-0515,L799207 weak,Xena,Normal,---,POSITIVE,---,PARTIAL RESPONSE,docetaxel-Capecitabine,,11.0,1,1,0,2,0,Docetaxel_Cape,1,0,1.9345385239010238,1.876782367367357,Docetaxel_Cape_Tras,Docetaxel_Cape,False
-,GSM508680,O393719,Human Reference B,O393719,Stratagene Human Universal Reference that contained 1/10 added MCF7 and ME16C RNAs,H1AUNC44K-H1-0513,O393719,Xena,LumA,WILDTYPE,POSITIVE,2,PARTIAL RESPONSE,docetaxel-Capecitabine,,5.3,1,0,0,2,0,Docetaxel_Cape,1,0,2.0159518896527926,2.0021761323753497,Docetaxel_Cape_Tras,Docetaxel_Cape,False
-,GSM508681,H516397,Human Reference B,H516397,Stratagene Human Universal Reference that contained 1/10 added MCF7 and ME16C RNAs,H1AUNC44K-H1-0511,H516397,Xena,Basal,MUTANT,NEGATIVE,2,PARTIAL RESPONSE,docetaxel-Capecitabine,,9.5,1,0,0,2,0,Docetaxel_Cape,1,0,1.949093910351456,1.8970310329139533,Docetaxel_Cape_Tras,Docetaxel_Cape,False
-,GSM508682,L525226,Human Reference B,L525226,Stratagene Human Universal Reference that contained 1/10 added MCF7 and ME16C RNAs,H1AUNC44K-H1-0506,L525226,Xena,LumA,WILDTYPE,POSITIVE,2,PARTIAL RESPONSE,docetaxel-Capecitabine,,2.8,1,1,0,2,0,Docetaxel_Cape,1,0,2.0325004277241567,2.0325179847231984,Docetaxel_Cape,Docetaxel_Cape,True
-,GSM508737,M308596,Human Reference B,M308596,Stratagene Human Universal Reference that contained 1/10 added MCF7 and ME16C RNAs,H1AUNC44K-H1-0501,M308596,Xena,Basal,WILDTYPE,POSITIVE,1,PARTIAL RESPONSE,docetaxel-Capecitabine,,5.5,1,1,0,2,0,Docetaxel_Cape,1,0,1.8950570440412877,1.8563561390868206,Docetaxel_Cape_Tras,Docetaxel_Cape,False
-,GSM508743,J168937,Human Reference B,J168937,Stratagene Human Universal Reference that contained 1/10 added MCF7 and ME16C RNAs,H1AUNC44K-H1-0433,J168937,Xena,Basal,MUTANT,NEGATIVE,3,PARTIAL RESPONSE,docetaxel-Capecitabine,,13.3,0,0,0,2,0,Docetaxel_Cape,1,0,2.0491899491838867,1.9863114107268542,Docetaxel_Cape_Tras,Docetaxel_Cape,False
-,GSM508745,M906756-weak,Human Reference B,M906756-weak,Stratagene Human Universal Reference that contained 1/10 added MCF7 and ME16C RNAs,H1AUNC44K-H1-0375,M906756-weak,Xena,Normal,MUTANT,POSITIVE,1,PARTIAL RESPONSE,docetaxel-Capecitabine,,6.1,0,0,0,2,0,Docetaxel_Cape,1,0,1.7646657828487438,1.6901794270381532,Docetaxel_Cape_Tras,Docetaxel_Cape,False
-,GSM508757,N302589,Human Reference B,N302589,Stratagene Human Universal Reference that contained 1/10 added MCF7 and ME16C RNAs,H1AUNC44K-H1-0327,N302589,Xena,Her2,MUTANT,POSITIVE,1,PARTIAL RESPONSE,docetaxel-Capecitabine,,4.0,0,0,0,2,0,Docetaxel_Cape,1,0,1.6445261786759329,1.5576833776941532,Docetaxel_Cape_Tras,Docetaxel_Cape,False
-,GSM517354,L737586,Human Reference B,L737586,Stratagene Human Universal Reference that contained 1/10 added MCF7 and ME16C RNAs,H1AUNC44K-H1-0129,L737587,Xena,LumA,WILDTYPE,NEGATIVE,2,PARTIAL RESPONSE,docetaxel-Capecitabine,,3.0,1,1,0,2,0,Docetaxel_Cape,1,0,2.0758192684538215,2.077075421328283,Docetaxel_Cape,Docetaxel_Cape,True
-,GSM508516,J018786,Human Reference B,J018786,Stratagene Human Universal Reference that contained 1/10 added MCF7 and ME16C RNAs,H1AUNC44K-H1-0041,J018786,Xena,LumA,WILDTYPE,POSITIVE,1,PARTIAL RESPONSE,docetaxel-Capecitabine,,13.0,1,1,0,2,0,Docetaxel_Cape,1,0,2.308859937089055,2.3148747740897195,Docetaxel_Cape,Docetaxel_Cape,True
-,GSM508518,J018788,Human Reference B,J018788,Stratagene Human Universal Reference that contained 1/10 added MCF7 and ME16C RNAs,H1AUNC44K-H1-0149,J018788,Xena,LumA,WILDTYPE,NEGATIVE,1,PARTIAL RESPONSE,docetaxel-Capecitabine,,5.5,1,1,0,2,0,Docetaxel_Cape,1,0,2.1865055369353126,2.179565521335242,Docetaxel_Cape_Tras,Docetaxel_Cape,False
-,GSM508519,K826609,Human Reference B,K826609,Stratagene Human Universal Reference that contained 1/10 added MCF7 and ME16C RNAs,H1AUNC44K-H1-0145,K826609,Xena,Basal,MUTANT,POSITIVE,3,PARTIAL RESPONSE,docetaxel-Capecitabine,,2.5,0,0,0,2,0,Docetaxel_Cape,1,0,1.7376253516856692,1.7478564698413743,Docetaxel_Cape,Docetaxel_Cape,True
-,GSM508551,K280818,Human Reference B,K280818,Stratagene Human Universal Reference that contained 1/10 added MCF7 and ME16C RNAs,H1AUNC44K-H1-0376,K280818,Xena,LumB,MUTANT,POSITIVE,3,PARTIAL RESPONSE,(docetaxel-Capecitabine)+ Trastuzumab,,4.0,1,1,1,2,0,Docetaxel_Cape_Tras,0,1,1.8878370416436874,1.8756232635217605,Docetaxel_Cape_Tras,Docetaxel_Cape_Tras,True
-,GSM508555,L444946,Human Reference B,L444946,Stratagene Human Universal Reference that contained 1/10 added MCF7 and ME16C RNAs,H1AUNC44K-H1-0126,L444946,Xena,LumB,WILDTYPE,POSITIVE,3,PARTIAL RESPONSE,(docetaxel-Capecitabine)+ Trastuzumab,,8.5,1,1,1,2,0,Docetaxel_Cape_Tras,0,1,1.9812185856538833,1.9630358853583036,Docetaxel_Cape_Tras,Docetaxel_Cape_Tras,True
-,GSM508558,J168936,Human Reference B,J168936,Stratagene Human Universal Reference that contained 1/10 added MCF7 and ME16C RNAs,H1AUNC44K-H1-0059,J168936,Xena,Basal,MUTANT,POSITIVE,3,PARTIAL RESPONSE,docetaxel-Capecitabine,,6.0,0,0,0,2,0,Docetaxel_Cape,1,0,1.8137283865162184,1.8327816872757419,Docetaxel_Cape,Docetaxel_Cape,True
-,GSM508565,H021107,Human Reference B,H021107,Stratagene Human Universal Reference that contained 1/10 added MCF7 and ME16C RNAs,H1AUNC44K-H1-0011,H021107,Xena,LumB,WILDTYPE,NEGATIVE,2,PARTIAL RESPONSE,(docetaxel-Capecitabine)+ Trastuzumab,,6.0,1,0,1,2,0,Docetaxel_Cape_Tras,0,1,1.8610998334195679,1.852110908989793,Docetaxel_Cape_Tras,Docetaxel_Cape_Tras,True
-,GSM508572,I491938,Human Reference B,I491938,Stratagene Human Universal Reference that contained 1/10 added MCF7 and ME16C RNAs,H1AUNC44K-H1-0038,I491938,Xena,LumA,WILDTYPE,NEGATIVE,2,PARTIAL RESPONSE,docetaxel-Capecitabine,,6.5,1,1,0,2,0,Docetaxel_Cape,1,0,2.1836605880896593,2.174232472254527,Docetaxel_Cape_Tras,Docetaxel_Cape,False
-,GSM508578,J018787,Human Reference B,J018787,Stratagene Human Universal Reference that contained 1/10 added MCF7 and ME16C RNAs,H1AUNC44K-H1-0143,J018787,Xena,Basal,---,POSITIVE,3,PARTIAL RESPONSE,docetaxel-Capecitabine,,4.5,0,0,0,2,0,Docetaxel_Cape,1,0,1.785578015217922,1.8181621089543707,Docetaxel_Cape,Docetaxel_Cape,True
-,GSM508632,J472757,Human Reference B,J472757,Stratagene Human Universal Reference that contained 1/10 added MCF7 and ME16C RNAs,H1AUNC44K-H1-0119,J472757,Xena,Basal,MUTANT,NEGATIVE,3,COMPLETE RESPONSE,docetaxel-Capecitabine,,3.0,0,0,0,0,1,Docetaxel_Cape,1,0,0.08306334263948312,0.08403849820619436,Docetaxel_Cape,Docetaxel_Cape,True
-,GSM508635,I130607,Human Reference B,I130607,Stratagene Human Universal Reference that contained 1/10 added MCF7 and ME16C RNAs,H1AUNC44K-H1-0035,I130607,Xena,Her2,---,NEGATIVE,2,COMPLETE RESPONSE,(docetaxel-Capecitabine)+ Trastuzumab,,5.1,0,0,1,0,1,Docetaxel_Cape_Tras,0,1,-0.09304991090952264,-0.06730685880710752,Docetaxel_Cape,Docetaxel_Cape_Tras,False
-,GSM508675,M308595,Human Reference B,M308595,Stratagene Human Universal Reference that contained 1/10 added MCF7 and ME16C RNAs,H1AUNC44K-H1-0500,M308595,Xena,LumA,MUTANT,POSITIVE,2,NO RESPONSE,docetaxel-Capecitabine,,7.5,0,0,0,3,0,Docetaxel_Cape,1,0,2.011356078728171,2.0392162023700244,Docetaxel_Cape,Docetaxel_Cape,True
-,GSM508736,N302595,Human Reference B,N302595,Stratagene Human Universal Reference that contained 1/10 added MCF7 and ME16C RNAs,H1AUNC44K-H1-0505,N302595,Xena,LumA,WILDTYPE,POSITIVE,1,PARTIAL RESPONSE,docetaxel-Capecitabine,,7.0,1,1,0,2,0,Docetaxel_Cape,1,0,2.1783975916652563,2.1692886870593755,Docetaxel_Cape_Tras,Docetaxel_Cape,False
-,GSM508738,M200489,Human Reference B,M200489,Stratagene Human Universal Reference that contained 1/10 added MCF7 and ME16C RNAs,H1AUNC44K-H1-0499,M200489,Xena,LumA,MUTANT,POSITIVE,2,PARTIAL RESPONSE,docetaxel-Capecitabine,,5.0,1,0,0,2,0,Docetaxel_Cape,1,0,1.9837150388153315,1.9864046781746114,Docetaxel_Cape,Docetaxel_Cape,True
-,GSM508739,N399199,Human Reference B,N399199,Stratagene Human Universal Reference that contained 1/10 added MCF7 and ME16C RNAs,H1AUNC44K-H1-0498,N399199,Xena,LumA,WILDTYPE,NEGATIVE,2,PARTIAL RESPONSE,docetaxel-Capecitabine,,7.0,1,0,0,2,0,Docetaxel_Cape,1,0,2.063460803858284,2.0598297864486304,Docetaxel_Cape_Tras,Docetaxel_Cape,False
-,GSM508741,M256106,Human Reference B,M256106,Stratagene Human Universal Reference that contained 1/10 added MCF7 and ME16C RNAs,H1AUNC44K-H1-0437,M256106,Xena,LumA,MUTANT,POSITIVE,1,PARTIAL RESPONSE,docetaxel-Capecitabine,,5.0,1,1,0,2,0,Docetaxel_Cape,1,0,2.13937535824831,2.142536934818809,Docetaxel_Cape,Docetaxel_Cape,True
-,GSM508742,L831388,Human Reference B,L831388,Stratagene Human Universal Reference that contained 1/10 added MCF7 and ME16C RNAs,H1AUNC44K-H1-0436,L831388,Xena,Normal,WILDTYPE,UNDETERMINED,3,COMPLETE RESPONSE,(docetaxel-Capecitabine)+ Trastuzumab,,5.0,0,0,1,0,1,Docetaxel_Cape_Tras,0,1,-0.017808138518980998,-0.025990923140233546,Docetaxel_Cape_Tras,Docetaxel_Cape_Tras,True
-,GSM508744,K900448,Human Reference B,K900448,Stratagene Human Universal Reference that contained 1/10 added MCF7 and ME16C RNAs,H1AUNC44K-H1-0432,K900448,Xena,LumA,WILDTYPE,POSITIVE,2,PARTIAL RESPONSE,docetaxel-Capecitabine,,7.0,1,1,0,2,0,Docetaxel_Cape,1,0,2.1538089185823033,2.13969129014027,Docetaxel_Cape_Tras,Docetaxel_Cape,False
-,GSM508747,P553318,Human Reference B,P553318,Stratagene Human Universal Reference that contained 1/10 added MCF7 and ME16C RNAs,H1AUNC44K-H1-0369,P553318,Xena,LumA,MUTANT,NEGATIVE,2,PARTIAL RESPONSE,docetaxel-Capecitabine,,6.0,1,1,0,2,0,Docetaxel_Cape,1,0,2.1772539410286624,2.1838772417715466,Docetaxel_Cape,Docetaxel_Cape,True
-,GSM508751,M200498,Human Reference B,M200498,Stratagene Human Universal Reference that contained 1/10 added MCF7 and ME16C RNAs,H1AUNC44K-H1-0359,M200498,Xena,Basal,MUTANT,NEGATIVE,1,PARTIAL RESPONSE,docetaxel-Capecitabine,,7.7,0,0,0,2,0,Docetaxel_Cape,1,0,1.9405935955115403,1.9798992284726693,Docetaxel_Cape,Docetaxel_Cape,True
-,GSM508752,N178818,Human Reference B,N178818,Stratagene Human Universal Reference that contained 1/10 added MCF7 and ME16C RNAs,H1AUNC44K-H1-0358,N178818,Xena,LumB,WILDTYPE,POSITIVE,2,PARTIAL RESPONSE,docetaxel-Capecitabine,,4.0,1,1,0,2,0,Docetaxel_Cape,1,0,2.018366029483879,1.9966779484163024,Docetaxel_Cape_Tras,Docetaxel_Cape,False
-,GSM508762,J460617,Human Reference B,J460617,Stratagene Human Universal Reference that contained 1/10 added MCF7 and ME16C RNAs,H1AUNC44K-H1-0146,J460617,Xena,Basal,WILDTYPE,UNDETERMINED,3,PARTIAL RESPONSE,docetaxel-Capecitabine,,4.0,1,0,0,2,0,Docetaxel_Cape,1,0,1.8739410569163881,1.8636721056302146,Docetaxel_Cape_Tras,Docetaxel_Cape,False
-,GSM508768,I824998,Human Reference B,I824998,Stratagene Human Universal Reference that contained 1/10 added MCF7 and ME16C RNAs,H1AUNC44K-H1-0024,I824998,Xena,LumA,MUTANT,POSITIVE,2,PARTIAL RESPONSE,docetaxel-Capecitabine,,5.0,1,1,0,2,0,Docetaxel_Cape,1,0,2.114786685165357,2.1129395378997033,Docetaxel_Cape_Tras,Docetaxel_Cape,False
-,GSM508770,H718159,Human Reference B,H718159,Stratagene Human Universal Reference that contained 1/10 added MCF7 and ME16C RNAs,H1AUNC44K-H1-0012,H718159,Xena,LumA,WILDTYPE,POSITIVE,2,PARTIAL RESPONSE,docetaxel-Capecitabine,,8.5,1,1,0,2,0,Docetaxel_Cape,1,0,2.1864245049382527,2.176087811897856,Docetaxel_Cape_Tras,Docetaxel_Cape,False
-,GSM508544,I491936,Human Reference B,I491936,Stratagene Human Universal Reference that contained 1/10 added MCF7 and ME16C RNAs,H1AUNC44K-H1-0057,I491936,Xena,LumA,WILDTYPE,NEGATIVE,3,PARTIAL RESPONSE,docetaxel-Capecitabine,,6.0,1,1,0,2,0,Docetaxel_Cape,1,0,2.1144010492579106,2.08888773364987,Docetaxel_Cape_Tras,Docetaxel_Cape,False
-,GSM508547,G963149,Human Reference B,G963149,Stratagene Human Universal Reference that contained 1/10 added MCF7 and ME16C RNAs,H1AUNC44K-H1-0022,G963149,Xena,LumA,---,POSITIVE,2,PARTIAL RESPONSE,docetaxel-Capecitabine,,5.0,0,0,0,2,0,Docetaxel_Cape,1,0,2.0629303922300313,2.1191604774761763,Docetaxel_Cape,Docetaxel_Cape,True
-,GSM508552,K892968,Human Reference B,K892968,Stratagene Human Universal Reference that contained 1/10 added MCF7 and ME16C RNAs,H1AUNC44K-H1-0175,K892968,Xena,Her2,WILDTYPE,NEGATIVE,3,PARTIAL RESPONSE,(docetaxel-Capecitabine)+ Trastuzumab,,4.0,0,0,1,2,0,Docetaxel_Cape_Tras,0,1,1.6330461499781734,1.644459966129847,Docetaxel_Cape,Docetaxel_Cape_Tras,False
-,GSM508560,I130567,Human Reference B,I130567,Stratagene Human Universal Reference that contained 1/10 added MCF7 and ME16C RNAs,H1AUNC44K-H1-0027,I130567,Xena,LumA,WILDTYPE,NEGATIVE,1,PARTIAL RESPONSE,docetaxel-Capecitabine,,5.5,1,0,0,2,0,Docetaxel_Cape,1,0,2.0838831206073194,2.095295412286233,Docetaxel_Cape,Docetaxel_Cape,True
-,GSM508561,I825007,Human Reference B,I825007,Stratagene Human Universal Reference that contained 1/10 added MCF7 and ME16C RNAs,H1AUNC44K-H1-0026,I825007,Xena,LumA,WILDTYPE,POSITIVE,1,PARTIAL RESPONSE,docetaxel-Capecitabine,,5.0,1,1,0,2,0,Docetaxel_Cape,1,0,2.110448724134475,2.1122173611158255,Docetaxel_Cape,Docetaxel_Cape,True
-,GSM508574,G719749,Human Reference B,G719749,Stratagene Human Universal Reference that contained 1/10 added MCF7 and ME16C RNAs,H1AUNC44K-H1-0002,G719749,Xena,LumA,---,UNDETERMINED,2,PARTIAL RESPONSE,docetaxel-Capecitabine,,3.4,1,1,0,2,0,Docetaxel_Cape,1,0,2.147632821731733,2.1402874872133455,Docetaxel_Cape_Tras,Docetaxel_Cape,False
-,GSM508577,I962239,Human Reference B,I962239,Stratagene Human Universal Reference that contained 1/10 added MCF7 and ME16C RNAs,H1AUNC44K-H1-0052,I962239,Xena,LumB,WILDTYPE,NEGATIVE,---,PARTIAL RESPONSE,docetaxel-Capecitabine,,7.5,1,0,0,2,0,Docetaxel_Cape,1,0,2.003145305446399,1.979355689439286,Docetaxel_Cape_Tras,Docetaxel_Cape,False
-,GSM508581,I383208,Human Reference B,I383208,Stratagene Human Universal Reference that contained 1/10 added MCF7 and ME16C RNAs,H1AUNC44K-H1-0065,I383208,Xena,Basal,MUTANT,POSITIVE,3,COMPLETE RESPONSE,docetaxel-Capecitabine,,5.0,0,0,0,0,1,Docetaxel_Cape,1,0,0.06643632128788601,0.06965005499737509,Docetaxel_Cape,Docetaxel_Cape,True
-,GSM508590,M256098,Human Reference B,M256098,Stratagene Human Universal Reference that contained 1/10 added MCF7 and ME16C RNAs,H1AUNC44K-H1-0371,M256098,Xena,Basal,MUTANT,POSITIVE,3,COMPLETE RESPONSE,docetaxel-Capecitabine,,4.0,0,0,0,0,1,Docetaxel_Cape,1,0,0.05584966319017237,0.05723780984301863,Docetaxel_Cape,Docetaxel_Cape,True
-,GSM508631,J472756,Human Reference B,J472756,Stratagene Human Universal Reference that contained 1/10 added MCF7 and ME16C RNAs,H1AUNC44K-H1-0148,J472756,Xena,Her2,MUTANT,POSITIVE,2,COMPLETE RESPONSE,(docetaxel-Capecitabine)+ Trastuzumab,,4.5,0,0,1,0,1,Docetaxel_Cape_Tras,0,1,-0.146769883884192,-0.12976692327093464,Docetaxel_Cape,Docetaxel_Cape_Tras,False
-,GSM508633,I962245,Human Reference B,I962245,Stratagene Human Universal Reference that contained 1/10 added MCF7 and ME16C RNAs,H1AUNC44K-H1-0067,I962245,Xena,Her2,MUTANT,POSITIVE,3,COMPLETE RESPONSE,(docetaxel-Capecitabine)+ Trastuzumab,,6.5,0,0,1,0,1,Docetaxel_Cape_Tras,0,1,-0.1329813792618988,-0.12356536096398907,Docetaxel_Cape,Docetaxel_Cape_Tras,False
-,GSM508667,L775237,Human Reference B,L775237,Stratagene Human Universal Reference that contained 1/10 added MCF7 and ME16C RNAs,H1AUNC44K-H1-0510,L775237,Xena,Basal,WILDTYPE,POSITIVE,2,NEAR COMPLETE RESPONSE,(docetaxel-Capecitabine)+ Trastuzumab,,4.5,1,0,1,1,0,Docetaxel_Cape_Tras,0,1,1.8424786730681264,1.850922472053989,Docetaxel_Cape,Docetaxel_Cape_Tras,False
-,GSM508673,H516396,Human Reference B,H516396,Stratagene Human Universal Reference that contained 1/10 added MCF7 and ME16C RNAs,H1AUNC44K-H1-0023,H516396,Xena,LumA,WILDTYPE,NEGATIVE,---,NEAR COMPLETE RESPONSE,docetaxel-Capecitabine,,6.0,1,0,0,1,0,Docetaxel_Cape,1,0,2.0670220149367737,2.04563275085811,Docetaxel_Cape_Tras,Docetaxel_Cape,False
-,GSM508677,N435237,Human Reference B,N435237,Stratagene Human Universal Reference that contained 1/10 added MCF7 and ME16C RNAs,H1AUNC44K-H1-0361,N435237,Xena,LumA,WILDTYPE,UNDETERMINED,---,NO RESPONSE,docetaxel-Capecitabine,,10.0,1,0,0,3,0,Docetaxel_Cape,1,0,2.1175039374996185,2.096785714858757,Docetaxel_Cape_Tras,Docetaxel_Cape,False
-,GSM508679,M228987,Human Reference B,M228987,Stratagene Human Universal Reference that contained 1/10 added MCF7 and ME16C RNAs,H1AUNC44K-H1-0514,M228987,Xena,Basal,MUTANT,POSITIVE,2,PARTIAL RESPONSE,docetaxel-Capecitabine,,7.0,0,0,0,2,0,Docetaxel_Cape,1,0,1.9019718242601906,1.9424217696942658,Docetaxel_Cape,Docetaxel_Cape,True
-,GSM508740,M200496,Human Reference B,M200496,Stratagene Human Universal Reference that contained 1/10 added MCF7 and ME16C RNAs,H1AUNC44K-H1-0438,M200496,Xena,LumA,MUTANT,POSITIVE,3,PARTIAL RESPONSE,docetaxel-Capecitabine,,2.5,1,1,0,2,0,Docetaxel_Cape,1,0,2.0918309466353,2.075713232016307,Docetaxel_Cape_Tras,Docetaxel_Cape,False
-,GSM508746,P553317,Human Reference B,P553317,Stratagene Human Universal Reference that contained 1/10 added MCF7 and ME16C RNAs,H1AUNC44K-H1-0370,P553317,Xena,Basal,WILDTYPE,POSITIVE,3,PARTIAL RESPONSE,docetaxel-Capecitabine,,4.0,0,0,0,2,0,Docetaxel_Cape,1,0,1.8402085475025387,1.8547897664395232,Docetaxel_Cape,Docetaxel_Cape,True
-,GSM508750,K826617,Human Reference B,K826617,Stratagene Human Universal Reference that contained 1/10 added MCF7 and ME16C RNAs,H1AUNC44K-H1-0362,K826617,Xena,LumB,MUTANT,POSITIVE,3,PARTIAL RESPONSE,docetaxel-Capecitabine,,6.0,1,1,0,2,0,Docetaxel_Cape,1,0,2.0491275533403517,2.034260660906196,Docetaxel_Cape_Tras,Docetaxel_Cape,False
-,GSM508753,H957386,Human Reference B,H957386,Stratagene Human Universal Reference that contained 1/10 added MCF7 and ME16C RNAs,H1AUNC44K-H1-0357,H957386,Xena,LumB,WILDTYPE,NEGATIVE,2,PARTIAL RESPONSE,docetaxel-Capecitabine,,12.0,1,0,0,2,0,Docetaxel_Cape,1,0,2.0655548900323786,2.0724566486374236,Docetaxel_Cape,Docetaxel_Cape,True
-,GSM508761,K282376,Human Reference B,K282376,Stratagene Human Universal Reference that contained 1/10 added MCF7 and ME16C RNAs,H1AUNC44K-H1-0147,K282376,Xena,Basal,MUTANT,POSITIVE,3,PARTIAL RESPONSE,docetaxel-Capecitabine,,8.0,0,0,0,2,0,Docetaxel_Cape,1,0,1.9051736707847702,1.9362110868468552,Docetaxel_Cape,Docetaxel_Cape,True
-,GSM508763,L737588,Human Reference B,L737588,Stratagene Human Universal Reference that contained 1/10 added MCF7 and ME16C RNAs,H1AUNC44K-H1-0122,L737588,Xena,LumA,WILDTYPE,NEGATIVE,2,PARTIAL RESPONSE,docetaxel-Capecitabine,,6.8,1,1,0,2,0,Docetaxel_Cape,1,0,2.1302551873092153,2.117440457775122,Docetaxel_Cape_Tras,Docetaxel_Cape,False
-,GSM508764,K121818,Human Reference B,K121818,Stratagene Human Universal Reference that contained 1/10 added MCF7 and ME16C RNAs,H1AUNC44K-H1-0121,K121818,Xena,Basal,MUTANT,NEGATIVE,3,PARTIAL RESPONSE,docetaxel-Capecitabine,,11.0,0,0,0,2,0,Docetaxel_Cape,1,0,1.945068935249901,1.9749518056931463,Docetaxel_Cape,Docetaxel_Cape,True
-,GSM508776,I383207,Human Reference B,I383207,Stratagene Human Universal Reference that contained 1/10 added MCF7 and ME16C RNAs,H1AUNC44K-H1-0509,I383207,Xena,Her2,MUTANT,NEGATIVE,3,COMPLETE RESPONSE,docetaxel-Capecitabine,,2.0,0,0,0,0,1,Docetaxel_Cape,1,0,-0.11670175610715572,-0.13587355538318846,Docetaxel_Cape_Tras,Docetaxel_Cape,False
-,GSM517353,L737587,Human Reference B,L737587,Stratagene Human Universal Reference that contained 1/10 added MCF7 and ME16C RNAs,H1AUNC44K-H1-0128,L737586,Xena,Her2,MUTANT,NEGATIVE,3,NEAR COMPLETE RESPONSE,(docetaxel-Capecitabine)+ Trastuzumab,,7.5,0,0,1,1,0,Docetaxel_Cape_Tras,0,1,1.692717944211548,1.7196751639600008,Docetaxel_Cape,Docetaxel_Cape_Tras,False
